CATEGORIA,NOME CARDAPIO,NOME PDV,C√ìD PDV,PRE√áO VENDA CHEIO,DESCRICAO ITEM CARDAPIO
POKE ARROZ,Parrudo,POKE ARROZ-PARRUDO,70057,32.9,"Arroz de leite cremoso, carne mo√≠da, um ovinho frito e batata palha pra fechar de com for√ßa. L√° vem ele, forte, bonit√£o e cheio de marra."
POKE DE ARROZ,Xod√≥ especial de Natal,POKE ARROZ-XODO NATAL,1926,33.9,"Fricass√™ de Frango, batata palha, farofa natalina e arroz de leite. "
POKE DE ARROZ,Lombo su√≠no especial de Natal,POKE ARROZ-SU√çNO NATAL,1937,33.9,"Lombo su√≠no desfiado refogado com cebola roxa, salpic√£o de frango, farofa natalina e arroz de leite."
POKE NORDESTINO - COD CONTROLE,,PRODUTO POKE NORDESTI,70000,0,
POKE NORDESTINO - ETAPA 1,Bai√£o de dois cremoso,ACP-250G BAIAO CREMOS,70001,0,Bai√£o de dois cremoso.
POKE NORDESTINO - ETAPA 1,Cuscuz,ACP-150G CUSCUZ ,70002,0,Cuscuz bem fofinho.
POKE NORDESTINO - ETAPA 2,Frango desfiado,ACP-70G FGO DESFIADO,70003,0,Frango desfiado refogado com cebola roxa.
POKE NORDESTINO - ETAPA 2,Carne de sol desfiada,ACP-70G CARNE SOL,70004,4.9,Carne de sol desfiada refogada com cebola roxa.
POKE NORDESTINO - ETAPA 2,Ovo frito,ACP-1UN OVO FRITO,70005,0,Ovo frito inteiro.
POKE NORDESTINO - ETAPA 2,Frango acebolado,ACP-70G FGO ACEBOLADO,70006,0,Tiras de frango refogadas com cebola branca.
POKE NORDESTINO - ETAPA 2,Tiras de carne,ACP-70G TIRAS CARNE,70007,6.9,Tiras de carne bovina grelhadas.
POKE NORDESTINO - ETAPA 2,Calabresa acebolada,ACP-60G CALABRSA ACEB,70008,0,Calabresa fatiada refogada com cebola branca.
POKE NORDESTINO - ETAPA 2,Camar√£o,ACP-70G CAMARAO,70009,15.9,Camar√µes limpos temperados com azeite de ervas.
POKE NORDESTINO - ETAPA 2,Carne mo√≠da,ACP-70G CARNE MOIDA,70010,0.9,Carne mo√≠da refogada com mix de especiarias.
POKE NORDESTINO - ETAPA 2,Caponata de berinjela e abobrinha,ACP-90G CAPONATA,70011,0,"Berinjela, abobrinha, cebola, uvas passas e azeitonas."
POKE NORDESTINO - ETAPA 2,Peito de peru,ACP-40G PEITO PERU,70012,0,Peito de peru ralado.
POKE NORDESTINO - ETAPA 3,Presunto,ACP-30G PRESUNTO PIC,70013,0,Presunto picadinho.
POKE NORDESTINO - ETAPA 3,Tomate,ACP-30G TOMATE CUBOS,70014,0,Tomate cortado em cubinhos.
POKE NORDESTINO - ETAPA 3,Cenoura,ACP-30G CENOURA RALAD,70015,0,Cenoura ralada.
POKE NORDESTINO - ETAPA 3,Tomate seco,ACP-30G TOMATE SECO,70016,0.99,Tomate seco.
POKE NORDESTINO - ETAPA 3,Cebola crispy,ACP-20G CEBOLA CRISPY,70017,0,Tiras fininhas de cebola empanadas e fritas.
POKE NORDESTINO - ETAPA 3,Cebola caramelizada,ACP-30G CEBOLA CARAME,70018,0,Cebola caramelizada.
POKE NORDESTINO - ETAPA 3,Bacon,ACP-20G BACON GRELHAD,70019,1.99,Fatias de bacon grelhadas e cortadas em peda√ßos.
POKE NORDESTINO - ETAPA 3,Milho verde,ACP-30G MILHO VERDE,70020,0,Milho verde.
POKE NORDESTINO - ETAPA 3,Feij√£o cremoso,ACP-60G FEIJAO CREMOS,70021,0,Feij√£o com molho cremoso de queijos.
POKE NORDESTINO - ETAPA 3,Queijo coalho grelhado,ACP-30G Q COALHO GREL,70022,0,Queijo coalho grelhado em cubinhos.
POKE NORDESTINO - ETAPA 3,Queijo minas,ACP-30G Q MINAS RALAD,70023,0,Queijo minas ralado.
POKE NORDESTINO - ETAPA 3,Refogado colorido,ACP-30G REFOGADO COLO,70024,0,"Refogado de cebola branca, tomate e piment√£o."
POKE NORDESTINO - ETAPA 3,Ovo de codorna,ACP-3UN OVO CODRNA,70025,0,Ovos de codorna cozidos.
POKE NORDESTINO - ETAPA 3,Ricota,ACP-40G Q RICOTA RALA,70026,0,Queijo ricota ralado.
POKE NORDESTINO - ETAPA 3,Farofa Crispy,ACP-40G FAROFA CRISPY,70027,0,Farinha de mandioca puxada na manteiga com cebola frita.
POKE NORDESTINO - ETAPA 3,Requeij√£o Cremoso,ACP-40G REQ CREMOSO,70028,0,Requeij√£o cremoso.
POKE NORDESTINO - ETAPA 3,Cream Cheese,ACP-40G CREAM CHEESE,70029,0.99,Cream cheese cremoso.
POKE NORDESTINO - ETAPA 4,Cheiro verde,**FLZ-MIX CHEIRO VERD,70030,0,Coentro e cebolinha picados.
POKE NORDESTINO - EXTRAS,Frango desfiado,**ADC-60G FGO DESFIAD,70031,6.9,Frango desfiado refogado com cebola roxa
POKE NORDESTINO - EXTRAS,Carne de sol acebolada,**ADC-70G CARNE SOL,70032,13.9,Carne de sol desfiada refogada com cebola roxa.
POKE NORDESTINO - EXTRAS,Ovo frito,**ADC-1UN OVO FRITO,70033,1.9,Ovo frito inteiro.
POKE NORDESTINO - EXTRAS,Calabresa acebolada,**ADC-60G CALABRESA ACEB,70034,3.9,Calabresa refogada com cebola branca.
POKE NORDESTINO - EXTRAS,Tomate,**ADC-30G TOMATE CUBO,70035,1.9,Tomate cortado em cubinhos.
POKE NORDESTINO - EXTRAS,Cebola crispy,**ADC-20G CEBOLA CRISPY,70036,1.9,Tiras fininhas de cebola empanadas e fritas.
POKE NORDESTINO - EXTRAS,Bacon,**ADC-20G BACON GRELH,70037,5.9,Fatias de bacon grelhadas e cortadas em peda√ßos.
POKE NORDESTINO - EXTRAS,Milho verde,**ADC-30G MILHO VERDE,70038,1.9,Milho verde.
POKE NORDESTINO - EXTRAS,Queijo coalho grelhado,**ADC-30G Q COALH GRE,70039,3.9,Queijo coalho grelhado em cubinhos.
POKE NORDESTINO - EXTRAS,Ovo de codorna,**ADC-3UN OVO CODRNA,70040,2.9,Ovos de codorna.
POKE NORDESTINO,"Monte Seu Poke Nordestino, Ganhe uma Bebida",POKE-PARA MONTAR---------,70041,37.9,Monte seu Poke Nordestino. Escolha sua base: Cuscuz ou Bai√£o de dois - os dois pratos eleitos os mais tipicamente cearenses. Depois escolha uma prote√≠na e dois acompanhamentos.
POKE ARROZ,Charloso,POKE ARROZ-CHARLOSO,70058,34.9,"Arroz de leite cremoso, carne de sol acebolada, cebola crispy e ovo de codorna. Pense num poke que chama aten√ß√£o √© esse aqui, charla demais! "
POKE ARROZ,Ispilicute,POKE ARROZ-ISPILICUTE,70059,28.9,"Arroz de leite cremoso, calabresa, milho e batata palha, esse aqui √© estrela onde chega! Ispilicute todo √© ele, todo amostrado. Cuida e pede o teu!"
POKE ARROZ,Corralinda,POKE ARROZ-CORRALINDA,70061,31.9,"Arroz de leite cremoso, frango desfiado acebolado, milho verde e tomate picadinho.T√£o bonito que chega a estremecer as estribeiras."
POKE ARROZ,Xod√≥,POKE ARROZ-XOD√ì,70068,33.9,"Fricass√™ de frango, arroz cremoso, batata palha e farofa crispy. Conhe√ßa o novo Xod√≥ do Nordeste! Pense num sabor cremoso da peste!"
POKE ARROZ,Arroxadim,POKE ARROZ-ARROXADIM,70079,33.9,"Arroz de leite cremoso, Lombo Su√≠no desfiado bem gostoso refogado com cebola branca, macaxeira frita e couve crispy pra arrematar. O bixin √© dos bons:  √â de comer dan√ßando!"
POKE ARROZ,Meiota,POKE ARROZ-MEIOTA,70085,30.9,Arroz branco com metadinha de Vatap√° com Calabresa e Pa√ßoca de carne do Sol crocante. √â de comer rezando!
POKE ARROZ,Praieiro,POKE ARROZ-PRAIEIRO,70202,49.9,"O poke Praieiro une arroz cremoso ao molho de queijos, camar√µes grelhados e cubos de queijo coalho tostado. Finalizado com um delicioso dadinho de vatap√°, pimenta biquinho e toque crocante de palha de batata doce, esse poke √© um encontro sofisticado entre o litoral e a tradi√ß√£o nordestina."
POKE ARROZ,Feijoada da Van,POKE ARROZ- FEIJOADA,70203,35.9,"Arroz branco soltinho, couve crispy e a pa√ßoca de torresmo para dar aquele crec gostoso. √â a Feijoada da Chef Van no pote, com a sustan√ßa e o tempero de casa para encher teu bucho de alegria!"
POKE BAIAO,Marrapaiz,POKE BAIAO- MARRAPAIZ,70042,29.9,"Um bai√£ozinho de dois cremoso, calabresa acebolada, milho e tomate picado pra arrematar, e nesse precin? Marrapaiz, como √© que n√£o aproveita?
"
POKE BAIAO,Sustan√ßa,POKE BAIAO-SUSTANCA,70043,33.9,"Bai√£o cremoso, frango acebolado, refogado de cebola branca, tomate e piment√£o com requeij√£o cremoso pra aumentar a gostosura. Pra quem t√° brocado e precisando de sustan√ßa n√£o d√° outra."
POKE BAIAO,Arretado,POKE BAIAO-ARRETADO,70044,35.9,"Bai√£ozinho tradicional cremoso que s√≥ a gente conhece, carne do sol desfiada e refogada com cebola roxa, cebola crispy e bacon pra z√© ningu√©m botar defeito. O mais mais que vai estremecer as estribeiras da suas papilas gustativas. "
POKE NORDESTINO - ETAPA 4,"N√£o, obrigado!",**FLZ-SEM FINALIZA√á√ÉO,70054,0,
POKE NORDESTINO - ETAPA 1,Arroz de leite,ACP-250G ARROZ CREMOS,70055,0,Arroz branco super cremoso.
POKE NORDESTINO - ETAPA 3,Batata palha,ACP-20G BATATA PALHA,70056,0,Batata palha.
POKE BAIAO,Arrasta P√©,POKE BAIAO-ARRASTA PE,70045,35.9,"Bai√£o cremoso, carne mo√≠da, ovo e aquele bacon crocante que faz crec! Gostoso feito dan√ßar agarradinho. Bora dan√ßar mais eu?
"
POKE BAIAO,Pit√©u,POKE BAIAO-PITEU,70046,32.9,"Bai√£o cremoso, frango desfiado, cebola caramelizada e um queijin minas pra fechar. √â s√≥ o pit√©u, meu fi."
POKE BAIAO,Coladin,POKE BAIAO-COLADIN,70067,31.9,"Vatap√° de frango, bai√£o cremoso, batata palha crocante e queijo coalho grelhado. Cada garfada √© um passo de forr√≥ na boca. √â o sabor do Nordeste em um prato, uma experi√™ncia irresist√≠vel e aut√™ntica."
POKE BAIAO,Matuto,POKE BAIAO-MATUTO,70071,35.9,"Poke de bai√£o cremoso, carne de sol, macaxeira frita, farofinha e ovo! Criado especialmente para o melhor m√™s no ano. Esse poke vai encher teu bucho e te deixar preparado pra aproveitar os arrai√°! "
POKE NORDESTINO - ETAPA 2,Creme de frango,ACP-100G CREME FGO,70062,0,Creme de frango desfiado. 
POKE NORDESTINO - ETAPA 2,Vatap√° de frango,ACP-100G VATAPA,70063,0,Vatap√° de frango.
POKE BAIAO,Bacurim,POKE BAIAO-BACURIM,70077,34.9,"Bai√£o de dois cremoso, Lombo Su√≠no desfiado dos bem gostosos e refogado com cebola branca, macaxeira frita e pa√ßoca de torresmo que enche o bucho de alegria.  Chamado de Bacurim, esse prato √© uma festa de sabores! "
POKE BAIAO,Pai D'egua,POKE BAIAO-PAIDEGUA,70086,37.9,"Bai√£o cremoso com tiras de carne de sol, couve crispy e farofa. Era s√≥ um desses pra tu ser feliz!"
POKE NORDESTINO - ETAPA 2,Fricass√™ de frango,ACP-100G FRICASSE,70069,0,Fricass√™ de frango.
POKE NORDESTINO - EXTRAS,Requeij√£o Cremoso,**ADC-40G REQ CREMOSO,70070,2.9,Requeij√£o cremoso.
POKE CUSCUZ,Belezura,POKE CUSCUZ-BELEZURA,70048,25.9,"Cuscuz soltinho, ovo frito, queijo coalho grelhado e tomate pra terminar a obra prima. Rapaz, pense num neg√≥cio bonito √© esse poke. √â tanta belezura que limpou foi minha vista."
POKE NORDESTINO - ETAPA 1,Arroz Branco,ACP-150G ARROZ BRANCO,70073,0,Arroz branco bem soltinho. 
POKE NORDESTINO - ETAPA 3,Macaxeira Frita,ACP-30G MACAXEIRA ,70074,0,Macaxeira Frita cortada em cubinhos.
POKE NORDESTINO - EXTRAS,Macaxeira Frita,**ADC-30G MACAXEIRA ,70076,2.9,Macaxeira Frita cortada em cubinhos.
POKE CUSCUZ,Da Merenda,POKE CUSCUZ-DA MEREND,70049,28.9,"Cuscuz, ovo frito, presunto e requeij√£o cremoso. Aquela merendinha que sustenta. E √© bom viu?"
POKE CUSCUZ,Amostradinho,POKE CUSCUZ-AMOSTRADINHO,70050,36.9,"Cuscuz, carne de sol desfiada com cebola roxa, requeij√£o cremoso e bacon. Esse aqui √© estrela onde chega! Cuida!"
POKE CUSCUZ,Danado de Bom,POKE CUSCUZ-DANADO DE BOM,70051,32.9,"Cuscuz soltinho, carne de sol desfiada, feij√£o cremoso e cebola crispy. T√° √© danado de bom,
T√° danado de bom, meu cumpade üéµ essa mistura o rei teria cantado!
"
POKE NORDESTINO - ETAPA 1,Bai√£o de dois soltinho,ACP-150G BAIAO SOLTNH,70080,0,Bai√£o de dois soltinho com feij√£o de corda.
POKE NORDESTINO - ETAPA 3,Couve crispy,ACP-5G COUVE CRISPY,70081,0,Couve crispy.
POKE NORDESTINO - ETAPA 3,Torresmo frito,ACP-30G TORRESMO FRIT,70082,2.99,Torresmo crocant√≠ssimo! 
POKE NORDESTINO - ETAPA 3,Farofa de Torresmo,ACP-30G PCOCA TORES C/2UN,70083,0,Farofa de Torresmo especial da Chef Van.
POKE NORDESTINO - ETAPA 2,Lombo Su√≠no desfiado,ACP-70G SUINO DESFIAD,70084,1.9,Lombo s√∫ino desfiado refogado com cebola branca
POKE CUSCUZ,Chamego,POKE CUSCUZ-CHAMEGO,70052,28.9,"Cuscuz, frango desfiado refogado com cebola roxa, cubos de queijo coalho grelhado, refogado de tomate, piment√£o e cebola branca. √â chamego puro no pote."
POKE CUSCUZ,Gostosin,POKE CUSCUZ-GOSTOSIN,70053,29.9,"Cuscuz, carne mo√≠da, ovo frito e milho. √â gostosinnn demais!"
POKE NORDESTINO -GUARNI√á√ÉO,Cuscuz,POKE-250G CUSCUZ,70087,15.9,Cuscuz de milho fofinho e quentinho. Voc√™ sente o sabor do milho a todo momento.
POKE NORDESTINO -GUARNI√á√ÉO,Bai√£o Cremoso,POKE-400G BAIAO CREM,70088,19.9,Aquele bai√£o que j√° √© tradi√ß√£o cearense.
POKE NORDESTINO -GUARNI√á√ÉO,Arroz de leite,POKE-400G ARROZ CREM,70089,19.9,Arroz de leite super cremoso.
POKE NORDESTINO -GUARNI√á√ÉO,Arroz Branco,POKE-300G ARROZ BCO,70090,15.9,Arroz Branco soltinho e temperado.
POKE NORDESTINO -GUARNI√á√ÉO,Creme de Frango,POKE-400G CRME DE FGO,70091,34.9,"Creme de Frango, aquele, a cara das festas especiais das nossas fam√≠lias."
POKE NORDESTINO -GUARNI√á√ÉO,Vatap√° de frango,POKE-400G VATAPA,70092,30.9,"Vatap√° de Frango, √© muito tradi√ß√£o nordestina."
POKE NORDESTINO -GUARNI√á√ÉO,Carne Mo√≠da,POKE-300G CARNE MOIDA,70093,38.9,"Carne mo√≠da, molhadinha, com aquele sabor de comida de v√≥."
POKE NORDESTINO -GUARNI√á√ÉO,Carne de sol desfiada,POKE-250G DE SOL DSF ,70094,46.9,Carne de sol desfiada e refogada com cebola roxa.
POKE NORDESTINO -GUARNI√á√ÉO,Frango desfiado,POKE-250G FGO DESFI,70095,38.9,"Frango desfiado, refogado com cebola e super temperadinho."
POKE NORDESTINO -GUARNI√á√ÉO,Farofa de Torresmo,POKE-250G FARF TORES C/5U,70096,25.9,Farofa de Torresmo especial da Chef Van.
POKE NORDESTINO -GUARNI√á√ÉO,Farofa Crispy,POKE-200G FAROF CRSPY,70097,17.9,Farofa crispy com cebola bem torradinha. Tipo uma farofinha da vov√≥.
POKE NORDESTINO -GUARNI√á√ÉO,Bai√£o Soltinho,POKE-300G BAIAO SOLT,70098,19.9,Bai√£o de dois com feij√£o de corda. √â de nos fazer voltar no tempo.
POKE NORDESTINO -GUARNI√á√ÉO,Lombo Su√≠no desfiado,POKE-300G SUINO DESF,70099,43.9,Lombo su√≠no assado em fogo lento at√© desfiar facinho. Refogado com cebola branca. Cheio de sabor.
POKE NORDESTINO - ETAPA 2,Tiras de Carne de Sol,ACP-70G TIRAS C.SOL,70100,5.9,Tiras de Carne de Sol refogado com cebola branca.
POKE NORDESTINO - ETAPA 3,Pa√ßoca de Carne de Sol,ACP-40G PACOCA DE SOL,70101,0,Pa√ßoca crocante com a deliciosa Carne de Sol da Chef Van.
POKE NORDESTINO - ETAPA 3,Palha de batata doce,ACP-20G PALHA DOCE,70102,0,"Palha de batata doce bem crocante, receita especial da Chef Van. "
POKE NORDESTINO - EXTRAS,Palha de batata doce,**ADC-20G PALHA DOCE,70107,1.9,"Palha de batata doce bem crocante, receita especial da Chef Van. "
POKE NORDESTINO - EXTRAS,Torresmo frito,**ADC-30G TORRESMO FR,70185,6.9,Torresmo crocant√≠ssimo! 
S√ÉO JO√ÉO ETAPA 2,Metadinha Creme de Frango e Calabresa acebolada.,ACP-150GCREME-30GCALAB,70200, R$ -   ,Creme de frango desfiado e calabresa acebolada.
S√ÉO JO√ÉO ETAPA 2,Metadinha Vatap√° de Frango e Calabresa acebolada.,ACP-150GVAT-30GCALAB,70201, R$ -   ,Vatap√° de frango desfiado e calabresa acebolada.
POKE CUSCUZ,L√° na Ro√ßa ,POKE CUSCUZ-LA NA RO√á,70078,29.9,"Cuscuz quentinho, su√≠no desfiado suculento refogado com cebola branca, torresmo crocante e um feij√£o cremoso de dar √°gua na boca. L√° na ro√ßa tem fartura, meu cumpade! "
